{
  "policies": {
    "ExtensionSettings": {
      "uBlock0@raymondhill.net": {
        "install_url": "https://addons.mozilla.org/firefox/downloads/latest/ublock-origin/latest.xpi",
        "installation_mode": "normal_installed"
      },
      "https-everywhere@eff.org": {
        "install_url": "https://addons.mozilla.org/firefox/downloads/latest/https-everywhere/latest.xpi",
        "installation_mode": "normal_installed"
      },
    },
    "NetworkPrediction": false,
    "DNSOverHTTPS": {
      "Enabled": false
    },
    "DisableFirefoxStudies": true,
    "DisableTelemetry": true,
    "DisablePocket": true
  }
}
